path,class
bench/bench_cli.h,original
bench/bench_corpus.cpp,original
bench/bench_f7_cold.cpp,original
bench/bench_scale.cpp,original
bench/bench_snopt_f7.cpp,original
bench/corpus_cells.h,original
bench/model_surface_kkt.h,original
bench/snopt_f7_driver.h,original
bench/ssn_safeguard_probe.cpp,original
bench/tau_bar_sweep_probe.cpp,original
include/hven/core/ledger.h,original
include/hven/core/pattern_hash.h,original
include/hven/core/solver_counters.h,original
include/hven/core/solver_status.h,original
include/hven/core/start_level.h,original
include/hven/core/types.h,original
include/hven/core/version.h,original
include/hven/detail/drivers/aggregate_eval_seam.h,original
include/hven/detail/drivers/interior_point_solver_fwd.h,derived
include/hven/detail/drivers/interior_point_solver_presets.h,original
include/hven/detail/drivers/solver_init.h,original
include/hven/detail/globalization/acceptance_strategy.h,original
include/hven/detail/globalization/backtracking_line_search.h,original
include/hven/detail/globalization/barrier_governor.h,original
include/hven/detail/globalization/classic_adaptive_governor.h,original
include/hven/detail/globalization/feasibility_stall.h,original
include/hven/detail/globalization/feasibility_switch_recovery.h,original
include/hven/detail/globalization/filter_acceptance.h,original
include/hven/detail/globalization/funnel_acceptance.h,original
include/hven/detail/globalization/globalization_mechanism.h,original
include/hven/detail/globalization/inertia_regularization.h,original
include/hven/detail/globalization/l1_restoration.h,original
include/hven/detail/globalization/merit_acceptance.h,original
include/hven/detail/globalization/modern_merit.h,original
include/hven/detail/globalization/monitored_governor.h,original
include/hven/detail/globalization/noop_recovery.h,original
include/hven/detail/globalization/progress_measures.h,original
include/hven/detail/globalization/proximal_restoration.h,original
include/hven/detail/globalization/recovery_chain.h,original
include/hven/detail/globalization/restoration.h,original
include/hven/detail/globalization/soc.h,original
include/hven/detail/globalization/solver_context.h,original
include/hven/detail/globalization/sqp/elastic.h,original
include/hven/detail/globalization/sqp/globalization.h,original
include/hven/detail/globalization/sqp/restoration.h,original
include/hven/detail/globalization/sqp/soc.h,original
include/hven/detail/globalization/sqp/trust_region.h,original
include/hven/detail/globalization/switching_acceptance.h,original
include/hven/detail/globalization/watchdog.h,original
include/hven/detail/interior/aggregate_views.h,original
include/hven/detail/interior/barrier_math.h,derived
include/hven/detail/interior/bound_set.h,original
include/hven/detail/interior/constraint_function.h,derived
include/hven/detail/interior/eval_error_log.h,original
include/hven/detail/interior/fixed_variable_row.h,original
include/hven/detail/interior/indexing_data.h,derived
include/hven/detail/interior/iterate_info.h,derived
include/hven/detail/interior/jet.h,derived
include/hven/detail/interior/kkt_factorization.h,original
include/hven/detail/interior/kkt_vector.h,derived
include/hven/detail/interior/objective_function.h,derived
include/hven/detail/interior/parsed_io_flags.h,derived
include/hven/detail/interior/sizing_specs.h,derived
include/hven/detail/interior/solver_function_base.h,derived
include/hven/detail/interior/threading_flags.h,derived
include/hven/detail/interior/typedefs/eigen_types.h,derived
include/hven/detail/interior/typedefs/super_scalar_traits.h,original
include/hven/detail/interior/utils/accelerate_threads.h,derived
include/hven/detail/interior/utils/flat_map.h,original
include/hven/detail/interior/utils/function_return_type.h,derived
include/hven/detail/interior/utils/get_core_count.h,derived
include/hven/detail/interior/utils/math_functions.h,derived
include/hven/detail/interior/utils/memory_management.h,derived
include/hven/detail/interior/utils/sizing_helpers.h,derived
include/hven/detail/interior/utils/std_extensions.h,derived
include/hven/detail/interior/utils/thread_pool.h,original
include/hven/detail/interior/utils/timer.h,original
include/hven/detail/interior/utils/tuple_iterator.h,derived
include/hven/detail/interior/utils/type_name.h,derived
include/hven/detail/interior/utils/type_storage.h,original
include/hven/detail/kkt/border_ops.h,original
include/hven/detail/kkt/bordered_eqp.h,original
include/hven/detail/kkt/kkt_assembly.h,original
include/hven/detail/kkt/kkt_calls.h,original
include/hven/detail/kkt/schur_complement.h,original
include/hven/detail/linear/accelerate_session.h,original
include/hven/detail/linear/fault_injection.h,original
include/hven/detail/linear/lapacke_shim.h,original
include/hven/detail/linear/pardiso_session.h,original
include/hven/detail/linear/session_id.h,original
include/hven/detail/model/nlp_adapter.h,original
include/hven/detail/qp/eqp_solve.h,original
include/hven/detail/qp/qp_engine.h,original
include/hven/detail/qp/qp_problem.h,original
include/hven/detail/qp/ssn_engine.h,original
include/hven/detail/qp/working_set.h,original
include/hven/detail/solvers/solver_interface_specs.h,derived
include/hven/detail/warmstart/continuation.h,original
include/hven/detail/warmstart/mesh_transfer.h,original
include/hven/detail/warmstart/predictor.h,original
include/hven/detail/warmstart/warm_start.h,original
include/hven/drivers/interior_point_solver.h,derived
include/hven/drivers/optimization_problem_base.h,derived
include/hven/drivers/sqp_driver.h,original
include/hven/drivers/sqp_types.h,original
include/hven/linear/dense_symmetric_factor.h,original
include/hven/linear/symmetric_factor.h,original
include/hven/model/aggregate_declaration.h,original
include/hven/model/candidate_point.h,original
include/hven/model/claim_space.h,original
include/hven/model/claim_stream_source.h,original
include/hven/model/nlp_aggregate.h,original
include/hven/model/nlp_model.h,original
include/hven/model/nlp_model_aggregate.h,original
include/hven/model/nlp_problem.h,original
include/hven/model/nlp_problem_model.h,original
include/hven/model/nlp_solver.h,original
include/hven/model/non_linear_program.h,derived
include/hven/model/structure_identity.h,original
include/hven/qp/qp_types.h,original
include/hven/solver_interface_adapter.h,original
src/core/enum_names.cpp,original
src/core/ledger.cpp,original
src/core/pattern_hash.cpp,original
src/core/version.cpp,original
src/drivers/aggregate_eval_seam.cpp,original
src/drivers/interior_point_solver.cpp,derived
src/drivers/interior_point_solver_globalization.cpp,original
src/drivers/interior_point_solver_print.cpp,derived
src/drivers/interior_point_solver_settings.cpp,derived
src/drivers/solver_init.cpp,original
src/drivers/sqp_driver.cpp,original
src/drivers/sqp_options.cpp,original
src/drivers/sqp_print.cpp,original
src/globalization/sqp/funnel.cpp,original
src/globalization/sqp/soc_elastic_restoration.cpp,original
src/hven_pch.h,original
src/interior/kkt_factorization.cpp,original
src/interior/utils/color_text.cpp,derived
src/interior/utils/color_text.h,derived
src/interior/utils/fmtlib.cpp,derived
src/interior/utils/fmtlib.h,derived
src/interior/utils/get_core_count.cpp,third-party-boost
src/interior/utils/memory_management.cpp,derived
src/interior/utils/thread_pool.cpp,original
src/kkt/kkt_calls.cpp,original
src/linear/accelerate_session.cpp,original
src/linear/dense_symmetric_factor.cpp,original
src/linear/pardiso_session.cpp,original
src/linear/symmetric_factor_accelerate.cpp,original
src/linear/symmetric_factor_mkl.cpp,original
src/model/aggregate_declaration.cpp,original
src/model/nlp_adapter.cpp,original
src/model/nlp_model_aggregate.cpp,original
src/model/nlp_problem_model.cpp,original
src/model/nlp_solver.cpp,original
src/model/non_linear_program.cpp,derived
src/warmstart/continuation.cpp,original
src/warmstart/warm_start.cpp,original
tests/core/test_core_layering.cpp,original
tests/core/test_pattern_hash.cpp,original
tests/core/test_sparse_backend_link.cpp,original
tests/core/test_version.cpp,original
tests/golden_rig/audit/pardiso_recorder.cpp,original
tests/golden_rig/audit/pardiso_recorder.h,original
tests/golden_rig/audit/test_audit_shim.cpp,original
tests/golden_rig/expected_table.cpp,original
tests/golden_rig/expected_table.h,original
tests/golden_rig/fail_by_design_control.cpp,original
tests/golden_rig/recipes.cpp,original
tests/golden_rig/recipes.h,original
tests/golden_rig/report_main.cpp,original
tests/golden_rig/seam.h,original
tests/golden_rig/seam_native.cpp,original
tests/golden_rig/seam_psiopt.cpp,original
tests/golden_rig/seam_registry.cpp,original
tests/golden_rig/seam_sqp.cpp,original
tests/golden_rig/trace_support.cpp,original
tests/golden_rig/trace_support.h,original
tests/golden_rig/traces_interior_point.cpp,original
tests/golden_rig/traces_sqp.cpp,original
tests/install_smoke/main.cpp,original
tests/interior/adapter_fixture_functions.h,original
tests/interior/compile_fail/adapter_missing_objective.cpp,original
tests/interior/compile_fail/constraint_only_objective.cpp,original
tests/interior/compile_fail/constraint_unsupported_mixin.cpp,original
tests/interior/compile_fail/objective_unsupported_mixin.cpp,original
tests/interior/compile_fail/partial_objective_surface.cpp,original
tests/interior/compile_fail/unregistered_constraint.cpp,original
tests/interior/progress_measures_test_utils.h,original
tests/interior/solver_test_utils.h,original
tests/interior/test_acceptance_diagnostics.cpp,original
tests/interior/test_assembly_allocation.cpp,original
tests/interior/test_classic_merit_restoration.cpp,original
tests/interior/test_filter_acceptance.cpp,original
tests/interior/test_funnel_acceptance.cpp,original
tests/interior/test_jet_mkl_guard.cpp,original
tests/interior/test_kkt_factorization.cpp,original
tests/interior/test_kkt_factorization_faults.cpp,original
tests/interior/test_l1_restoration.cpp,original
tests/interior/test_merit_rules.cpp,original
tests/interior/test_monitored_governor.cpp,original
tests/interior/test_nlp_adapter.cpp,original
tests/interior/test_nlp_aggregate_contract.cpp,original
tests/interior/test_nlp_multiplier_seeding.cpp,original
tests/interior/test_nlp_problem_model.cpp,original
tests/interior/test_nlp_solver.cpp,original
tests/interior/test_proximal_restoration.cpp,original
tests/interior/test_recovery_dispatch_gate.cpp,original
tests/interior/test_solver_interface_adapter.cpp,original
tests/interior/test_switching_acceptance.cpp,original
tests/interior/test_watchdog.cpp,original
tests/linear/test_dense_symmetric_factor.cpp,original
tests/linear/test_dense_symmetric_factor_growth.cpp,original
tests/linear/test_fault_injection.cpp,original
tests/linear/test_symmetric_factor.cpp,original
tests/linear/test_symmetric_factor_evidence_invariants.cpp,original
tests/linear/test_symmetric_factor_pardiso_only_options.cpp,original
tests/model/support/fake_aggregate.cpp,original
tests/model/support/fake_aggregate.h,original
tests/model/test_aggregate_contract.cpp,original
tests/model/test_contract_flags.cpp,original
tests/model/test_identity_probe.cpp,original
tests/model/test_model_structure_key.cpp,original
tests/model/test_model_surface_kkt.cpp,original
tests/model/test_nlp_model_aggregate.cpp,original
tests/model/test_structure_epoch.cpp,original
tests/sqp/support/border_test_utils.h,original
tests/sqp/support/claim_stream_double.h,original
tests/sqp/support/dense_oracle.h,original
tests/sqp/support/derivative_check.h,original
tests/sqp/support/hs_problems.h,original
tests/sqp/support/hs_sweeps.h,original
tests/sqp/support/nlp_kkt_check.h,original
tests/sqp/support/parametric_families.h,original
tests/sqp/support/scale_problems.h,original
tests/sqp/support/ssn_fixtures.h,original
tests/sqp/test_accelerate_probes.cpp,original
tests/sqp/test_aggregate_eval_seam.cpp,original
tests/sqp/test_b1_gate.cpp,original
tests/sqp/test_bench_dump.cpp,original
tests/sqp/test_border_ops.cpp,original
tests/sqp/test_continuation.cpp,original
tests/sqp/test_corpus_cells.cpp,original
tests/sqp/test_dense_oracle.cpp,original
tests/sqp/test_eqp_refine_ab.cpp,original
tests/sqp/test_eqp_solve.cpp,original
tests/sqp/test_funnel.cpp,original
tests/sqp/test_hs_battery.cpp,original
tests/sqp/test_hs_sweeps.cpp,original
tests/sqp/test_kkt_assembly.cpp,original
tests/sqp/test_kkt_calls.cpp,original
tests/sqp/test_kkt_inertia_probe.cpp,original
tests/sqp/test_kkt_partial_solve.cpp,original
tests/sqp/test_ledger.cpp,original
tests/sqp/test_mesh_transfer.cpp,original
tests/sqp/test_nlp_model.cpp,original
tests/sqp/test_parametric_families.cpp,original
tests/sqp/test_predictor.cpp,original
tests/sqp/test_qp_engine.cpp,original
tests/sqp/test_qp_engine_border.cpp,original
tests/sqp/test_qp_engine_indefinite.cpp,original
tests/sqp/test_qp_engine_tr.cpp,original
tests/sqp/test_qp_warm_start.cpp,original
tests/sqp/test_scaffold.cpp,original
tests/sqp/test_scale_problems.cpp,original
tests/sqp/test_scale_smoke.cpp,original
tests/sqp/test_schur.cpp,original
tests/sqp/test_snopt_bridge_gate.cpp,original
tests/sqp/test_sqp_driver.cpp,original
tests/sqp/test_sqp_restoration.cpp,original
tests/sqp/test_ssn_engine.cpp,original
tests/sqp/test_types.cpp,original
tests/sqp/test_warm_start.cpp,original
tests/sqp/test_warm_start_battery.cpp,original
