arm,kind,round,row_index,row,wall_s
e1,parent,1,0,f7_n1000_bound_physics/MakeParameter,0.046303965
e1,parent,1,1,f7_n1000_bound_physics/MakeConstraint,0.031926425
e1,parent,1,2,f7_n1000_bound_physics/RelaxBounds,0.031869226
e1,parent,1,3,f7_n5000_bound_physics/MakeParameter,0.179750137
e1,parent,1,4,f7_n5000_bound_physics/MakeConstraint,0.173101331
e1,parent,1,5,f7_n5000_bound_physics/RelaxBounds,0.174003456
e1,parent,1,6,f7_n10000_bound_neutral/MakeParameter,0.532427707
e1,parent,1,7,f7_n10000_bound_neutral/MakeConstraint,0.523497050
e1,parent,1,8,f7_n10000_bound_neutral/RelaxBounds,0.522461165
e1,parent,1,9,f7_n20000_bound_neutral/MakeParameter,1.122849332
e1,parent,1,10,f7_n20000_bound_neutral/MakeConstraint,1.088167180
e1,parent,1,11,f7_n20000_bound_neutral/RelaxBounds,1.090480090
e1,parent,1,12,hs071_x1_fixed/MakeParameter,0.000173939
e1,parent,1,13,hs071_x1_fixed/MakeConstraint,0.000125440
e1,parent,1,14,hs071_x1_fixed/RelaxBounds,0.000127169
e1,parent,1,15,f7_n1000_bound_neutral/MakeParameter/cap1,0.016084981
e1,parent,1,16,hs071_x1_fixed/MakeParameter/cap1,0.000074569
e1,parent,1,17,infeas2_spike/MakeParameter/stalled,0.000595347
e1,parent,1,18,infeas2_stationary/MakeParameter/resto_infeasible,0.000192019
e1,parent,2,0,f7_n1000_bound_physics/MakeParameter,0.370626592
e1,parent,2,1,f7_n1000_bound_physics/MakeConstraint,0.031957655
e1,parent,2,2,f7_n1000_bound_physics/RelaxBounds,0.032544032
e1,parent,2,3,f7_n5000_bound_physics/MakeParameter,0.178940862
e1,parent,2,4,f7_n5000_bound_physics/MakeConstraint,0.173281840
e1,parent,2,5,f7_n5000_bound_physics/RelaxBounds,0.173291739
e1,parent,2,6,f7_n10000_bound_neutral/MakeParameter,0.531196363
e1,parent,2,7,f7_n10000_bound_neutral/MakeConstraint,0.523225391
e1,parent,2,8,f7_n10000_bound_neutral/RelaxBounds,0.521240091
e1,parent,2,9,f7_n20000_bound_neutral/MakeParameter,1.125971228
e1,parent,2,10,f7_n20000_bound_neutral/MakeConstraint,1.089736133
e1,parent,2,11,f7_n20000_bound_neutral/RelaxBounds,1.092324921
e1,parent,2,12,hs071_x1_fixed/MakeParameter,0.000180799
e1,parent,2,13,hs071_x1_fixed/MakeConstraint,0.000125769
e1,parent,2,14,hs071_x1_fixed/RelaxBounds,0.000127399
e1,parent,2,15,f7_n1000_bound_neutral/MakeParameter/cap1,0.016012462
e1,parent,2,16,hs071_x1_fixed/MakeParameter/cap1,0.000082540
e1,parent,2,17,infeas2_spike/MakeParameter/stalled,0.000595567
e1,parent,2,18,infeas2_stationary/MakeParameter/resto_infeasible,0.000180039
e1,parent,3,0,f7_n1000_bound_physics/MakeParameter,0.342488628
e1,parent,3,1,f7_n1000_bound_physics/MakeConstraint,0.032007115
e1,parent,3,2,f7_n1000_bound_physics/RelaxBounds,0.031909385
e1,parent,3,3,f7_n5000_bound_physics/MakeParameter,0.178633873
e1,parent,3,4,f7_n5000_bound_physics/MakeConstraint,0.173937196
e1,parent,3,5,f7_n5000_bound_physics/RelaxBounds,0.173397519
e1,parent,3,6,f7_n10000_bound_neutral/MakeParameter,0.532573666
e1,parent,3,7,f7_n10000_bound_neutral/MakeConstraint,0.523867609
e1,parent,3,8,f7_n10000_bound_neutral/RelaxBounds,0.524785914
e1,parent,3,9,f7_n20000_bound_neutral/MakeParameter,1.126985522
e1,parent,3,10,f7_n20000_bound_neutral/MakeConstraint,1.090716718
e1,parent,3,11,f7_n20000_bound_neutral/RelaxBounds,1.091139176
e1,parent,3,12,hs071_x1_fixed/MakeParameter,0.000179320
e1,parent,3,13,hs071_x1_fixed/MakeConstraint,0.000126310
e1,parent,3,14,hs071_x1_fixed/RelaxBounds,0.000128019
e1,parent,3,15,f7_n1000_bound_neutral/MakeParameter/cap1,0.016263061
e1,parent,3,16,hs071_x1_fixed/MakeParameter/cap1,0.000075049
e1,parent,3,17,infeas2_spike/MakeParameter/stalled,0.000604247
e1,parent,3,18,infeas2_stationary/MakeParameter/resto_infeasible,0.000179059
e1,parent,4,0,f7_n1000_bound_physics/MakeParameter,0.356554280
e1,parent,4,1,f7_n1000_bound_physics/MakeConstraint,0.031840546
e1,parent,4,2,f7_n1000_bound_physics/RelaxBounds,0.031862925
e1,parent,4,3,f7_n5000_bound_physics/MakeParameter,0.178769812
e1,parent,4,4,f7_n5000_bound_physics/MakeConstraint,0.172974461
e1,parent,4,5,f7_n5000_bound_physics/RelaxBounds,0.173431319
e1,parent,4,6,f7_n10000_bound_neutral/MakeParameter,0.532617536
e1,parent,4,7,f7_n10000_bound_neutral/MakeConstraint,0.522909443
e1,parent,4,8,f7_n10000_bound_neutral/RelaxBounds,0.521290931
e1,parent,4,9,f7_n20000_bound_neutral/MakeParameter,1.125931358
e1,parent,4,10,f7_n20000_bound_neutral/MakeConstraint,1.092782819
e1,parent,4,11,f7_n20000_bound_neutral/RelaxBounds,1.096021673
e1,parent,4,12,hs071_x1_fixed/MakeParameter,0.000174929
e1,parent,4,13,hs071_x1_fixed/MakeConstraint,0.000125360
e1,parent,4,14,hs071_x1_fixed/RelaxBounds,0.000130279
e1,parent,4,15,f7_n1000_bound_neutral/MakeParameter/cap1,0.016110332
e1,parent,4,16,hs071_x1_fixed/MakeParameter/cap1,0.000086490
e1,parent,4,17,infeas2_spike/MakeParameter/stalled,0.000604327
e1,parent,4,18,infeas2_stationary/MakeParameter/resto_infeasible,0.000183039
e1,parent,5,0,f7_n1000_bound_physics/MakeParameter,1.024110671
e1,parent,5,1,f7_n1000_bound_physics/MakeConstraint,0.031975715
e1,parent,5,2,f7_n1000_bound_physics/RelaxBounds,0.031887545
e1,parent,5,3,f7_n5000_bound_physics/MakeParameter,0.178984872
e1,parent,5,4,f7_n5000_bound_physics/MakeConstraint,0.173125780
e1,parent,5,5,f7_n5000_bound_physics/RelaxBounds,0.173206549
e1,parent,5,6,f7_n10000_bound_neutral/MakeParameter,0.531137753
e1,parent,5,7,f7_n10000_bound_neutral/MakeConstraint,0.526713275
e1,parent,5,8,f7_n10000_bound_neutral/RelaxBounds,0.521259551
e1,parent,5,9,f7_n20000_bound_neutral/MakeParameter,1.125652419
e1,parent,5,10,f7_n20000_bound_neutral/MakeConstraint,1.090193591
e1,parent,5,11,f7_n20000_bound_neutral/RelaxBounds,1.092822499
e1,parent,5,12,hs071_x1_fixed/MakeParameter,0.000172450
e1,parent,5,13,hs071_x1_fixed/MakeConstraint,0.000126389
e1,parent,5,14,hs071_x1_fixed/RelaxBounds,0.000145809
e1,parent,5,15,f7_n1000_bound_neutral/MakeParameter/cap1,0.016060042
e1,parent,5,16,hs071_x1_fixed/MakeParameter/cap1,0.000074990
e1,parent,5,17,infeas2_spike/MakeParameter/stalled,0.000590427
e1,parent,5,18,infeas2_stationary/MakeParameter/resto_infeasible,0.000181209
e2,culprit,1,0,f7_n1000_bound_physics/MakeParameter,0.375072411
e2,culprit,1,1,f7_n1000_bound_physics/MakeConstraint,0.032639662
e2,culprit,1,2,f7_n1000_bound_physics/RelaxBounds,0.032660722
e2,culprit,1,3,f7_n5000_bound_physics/MakeParameter,0.186108607
e2,culprit,1,4,f7_n5000_bound_physics/MakeConstraint,0.179394800
e2,culprit,1,5,f7_n5000_bound_physics/RelaxBounds,0.180081946
e2,culprit,1,6,f7_n10000_bound_neutral/MakeParameter,0.553104096
e2,culprit,1,7,f7_n10000_bound_neutral/MakeConstraint,0.552110641
e2,culprit,1,8,f7_n10000_bound_neutral/RelaxBounds,0.535775831
e2,culprit,1,9,f7_n20000_bound_neutral/MakeParameter,1.156476469
e2,culprit,1,10,f7_n20000_bound_neutral/MakeConstraint,1.121231430
e2,culprit,1,11,f7_n20000_bound_neutral/RelaxBounds,1.121151470
e2,culprit,1,12,hs071_x1_fixed/MakeParameter,0.000183139
e2,culprit,1,13,hs071_x1_fixed/MakeConstraint,0.000136949
e2,culprit,1,14,hs071_x1_fixed/RelaxBounds,0.000136440
e2,culprit,1,15,f7_n1000_bound_neutral/MakeParameter/cap1,0.016719078
e2,culprit,1,16,hs071_x1_fixed/MakeParameter/cap1,0.000081660
e2,culprit,1,17,infeas2_spike/MakeParameter/stalled,0.000617847
e2,culprit,1,18,infeas2_stationary/MakeParameter/resto_infeasible,0.000197729
e2,culprit,2,0,f7_n1000_bound_physics/MakeParameter,0.231807266
e2,culprit,2,1,f7_n1000_bound_physics/MakeConstraint,0.032611092
e2,culprit,2,2,f7_n1000_bound_physics/RelaxBounds,0.032661402
e2,culprit,2,3,f7_n5000_bound_physics/MakeParameter,0.185271641
e2,culprit,2,4,f7_n5000_bound_physics/MakeConstraint,0.177969226
e2,culprit,2,5,f7_n5000_bound_physics/RelaxBounds,0.178018316
e2,culprit,2,6,f7_n10000_bound_neutral/MakeParameter,0.555248726
e2,culprit,2,7,f7_n10000_bound_neutral/MakeConstraint,0.538843506
e2,culprit,2,8,f7_n10000_bound_neutral/RelaxBounds,0.536039520
e2,culprit,2,9,f7_n20000_bound_neutral/MakeParameter,1.154546919
e2,culprit,2,10,f7_n20000_bound_neutral/MakeConstraint,1.119745437
e2,culprit,2,11,f7_n20000_bound_neutral/RelaxBounds,1.121716708
e2,culprit,2,12,hs071_x1_fixed/MakeParameter,0.000188739
e2,culprit,2,13,hs071_x1_fixed/MakeConstraint,0.000139620
e2,culprit,2,14,hs071_x1_fixed/RelaxBounds,0.000140589
e2,culprit,2,15,f7_n1000_bound_neutral/MakeParameter/cap1,0.016807199
e2,culprit,2,16,hs071_x1_fixed/MakeParameter/cap1,0.000082870
e2,culprit,2,17,infeas2_spike/MakeParameter/stalled,0.000625827
e2,culprit,2,18,infeas2_stationary/MakeParameter/resto_infeasible,0.000193429
e2,culprit,3,0,f7_n1000_bound_physics/MakeParameter,0.367236839
e2,culprit,3,1,f7_n1000_bound_physics/MakeConstraint,0.032642781
e2,culprit,3,2,f7_n1000_bound_physics/RelaxBounds,0.032795341
e2,culprit,3,3,f7_n5000_bound_physics/MakeParameter,0.185542430
e2,culprit,3,4,f7_n5000_bound_physics/MakeConstraint,0.177899867
e2,culprit,3,5,f7_n5000_bound_physics/RelaxBounds,0.178274785
e2,culprit,3,6,f7_n10000_bound_neutral/MakeParameter,0.553337515
e2,culprit,3,7,f7_n10000_bound_neutral/MakeConstraint,0.541346374
e2,culprit,3,8,f7_n10000_bound_neutral/RelaxBounds,0.536561047
e2,culprit,3,9,f7_n20000_bound_neutral/MakeParameter,1.159968352
e2,culprit,3,10,f7_n20000_bound_neutral/MakeConstraint,1.124151256
e2,culprit,3,11,f7_n20000_bound_neutral/RelaxBounds,1.125121941
e2,culprit,3,12,hs071_x1_fixed/MakeParameter,0.000182880
e2,culprit,3,13,hs071_x1_fixed/MakeConstraint,0.000137919
e2,culprit,3,14,hs071_x1_fixed/RelaxBounds,0.000138169
e2,culprit,3,15,f7_n1000_bound_neutral/MakeParameter/cap1,0.016754579
e2,culprit,3,16,hs071_x1_fixed/MakeParameter/cap1,0.000080029
e2,culprit,3,17,infeas2_spike/MakeParameter/stalled,0.000617607
e2,culprit,3,18,infeas2_stationary/MakeParameter/resto_infeasible,0.000198559
e2,culprit,4,0,f7_n1000_bound_physics/MakeParameter,0.365931625
e2,culprit,4,1,f7_n1000_bound_physics/MakeConstraint,0.032655852
e2,culprit,4,2,f7_n1000_bound_physics/RelaxBounds,0.032649352
e2,culprit,4,3,f7_n5000_bound_physics/MakeParameter,0.186172547
e2,culprit,4,4,f7_n5000_bound_physics/MakeConstraint,0.178887952
e2,culprit,4,5,f7_n5000_bound_physics/RelaxBounds,0.178595774
e2,culprit,4,6,f7_n10000_bound_neutral/MakeParameter,0.552974917
e2,culprit,4,7,f7_n10000_bound_neutral/MakeConstraint,0.539179094
e2,culprit,4,8,f7_n10000_bound_neutral/RelaxBounds,0.537042944
e2,culprit,4,9,f7_n20000_bound_neutral/MakeParameter,1.162359701
e2,culprit,4,10,f7_n20000_bound_neutral/MakeConstraint,1.130985113
e2,culprit,4,11,f7_n20000_bound_neutral/RelaxBounds,1.129167011
e2,culprit,4,12,hs071_x1_fixed/MakeParameter,0.000185209
e2,culprit,4,13,hs071_x1_fixed/MakeConstraint,0.000139940
e2,culprit,4,14,hs071_x1_fixed/RelaxBounds,0.000138499
e2,culprit,4,15,f7_n1000_bound_neutral/MakeParameter/cap1,0.016763419
e2,culprit,4,16,hs071_x1_fixed/MakeParameter/cap1,0.000089020
e2,culprit,4,17,infeas2_spike/MakeParameter/stalled,0.000638906
e2,culprit,4,18,infeas2_stationary/MakeParameter/resto_infeasible,0.000191479
e2,culprit,5,0,f7_n1000_bound_physics/MakeParameter,0.365400137
e2,culprit,5,1,f7_n1000_bound_physics/MakeConstraint,0.032619602
e2,culprit,5,2,f7_n1000_bound_physics/RelaxBounds,0.032568442
e2,culprit,5,3,f7_n5000_bound_physics/MakeParameter,0.185819268
e2,culprit,5,4,f7_n5000_bound_physics/MakeConstraint,0.178338814
e2,culprit,5,5,f7_n5000_bound_physics/RelaxBounds,0.179212101
e2,culprit,5,6,f7_n10000_bound_neutral/MakeParameter,0.553770553
e2,culprit,5,7,f7_n10000_bound_neutral/MakeConstraint,0.538985125
e2,culprit,5,8,f7_n10000_bound_neutral/RelaxBounds,0.537539332
e2,culprit,5,9,f7_n20000_bound_neutral/MakeParameter,1.164969458
e2,culprit,5,10,f7_n20000_bound_neutral/MakeConstraint,1.124294595
e2,culprit,5,11,f7_n20000_bound_neutral/RelaxBounds,1.123063081
e2,culprit,5,12,hs071_x1_fixed/MakeParameter,0.000184569
e2,culprit,5,13,hs071_x1_fixed/MakeConstraint,0.000137830
e2,culprit,5,14,hs071_x1_fixed/RelaxBounds,0.000140989
e2,culprit,5,15,f7_n1000_bound_neutral/MakeParameter/cap1,0.016717449
e2,culprit,5,16,hs071_x1_fixed/MakeParameter/cap1,0.000089079
e2,culprit,5,17,infeas2_spike/MakeParameter/stalled,0.000637087
e2,culprit,5,18,infeas2_stationary/MakeParameter/resto_infeasible,0.000192079
e3,E1,1,0,f7_n1000_bound_physics/MakeParameter,0.219769483
e3,E1,1,1,f7_n1000_bound_physics/MakeConstraint,0.032583812
e3,E1,1,2,f7_n1000_bound_physics/RelaxBounds,0.032387083
e3,E1,1,3,f7_n5000_bound_physics/MakeParameter,0.187364901
e3,E1,1,4,f7_n5000_bound_physics/MakeConstraint,0.180350235
e3,E1,1,5,f7_n5000_bound_physics/RelaxBounds,0.177266650
e3,E1,1,6,f7_n10000_bound_neutral/MakeParameter,0.545564373
e3,E1,1,7,f7_n10000_bound_neutral/MakeConstraint,0.537984070
e3,E1,1,8,f7_n10000_bound_neutral/RelaxBounds,0.538513468
e3,E1,1,9,f7_n20000_bound_neutral/MakeParameter,1.156351309
e3,E1,1,10,f7_n20000_bound_neutral/MakeConstraint,1.121478759
e3,E1,1,11,f7_n20000_bound_neutral/RelaxBounds,1.109961685
e3,E1,1,12,hs071_x1_fixed/MakeParameter,0.000177959
e3,E1,1,13,hs071_x1_fixed/MakeConstraint,0.000127950
e3,E1,1,14,hs071_x1_fixed/RelaxBounds,0.000135759
e3,E1,1,15,f7_n1000_bound_neutral/MakeParameter/cap1,0.016874178
e3,E1,1,16,hs071_x1_fixed/MakeParameter/cap1,0.000085410
e3,E1,1,17,infeas2_spike/MakeParameter/stalled,0.000588997
e3,E1,1,18,infeas2_stationary/MakeParameter/resto_infeasible,0.000181039
e3,E1,2,0,f7_n1000_bound_physics/MakeParameter,0.236636232
e3,E1,2,1,f7_n1000_bound_physics/MakeConstraint,0.032495862
e3,E1,2,2,f7_n1000_bound_physics/RelaxBounds,0.032495202
e3,E1,2,3,f7_n5000_bound_physics/MakeParameter,0.186430036
e3,E1,2,4,f7_n5000_bound_physics/MakeConstraint,0.178887382
e3,E1,2,5,f7_n5000_bound_physics/RelaxBounds,0.177323939
e3,E1,2,6,f7_n10000_bound_neutral/MakeParameter,0.547274644
e3,E1,2,7,f7_n10000_bound_neutral/MakeConstraint,0.539053654
e3,E1,2,8,f7_n10000_bound_neutral/RelaxBounds,0.536714926
e3,E1,2,9,f7_n20000_bound_neutral/MakeParameter,1.159853663
e3,E1,2,10,f7_n20000_bound_neutral/MakeConstraint,1.122524944
e3,E1,2,11,f7_n20000_bound_neutral/RelaxBounds,1.111041640
e3,E1,2,12,hs071_x1_fixed/MakeParameter,0.000181629
e3,E1,2,13,hs071_x1_fixed/MakeConstraint,0.000131329
e3,E1,2,14,hs071_x1_fixed/RelaxBounds,0.000134540
e3,E1,2,15,f7_n1000_bound_neutral/MakeParameter/cap1,0.016902338
e3,E1,2,16,hs071_x1_fixed/MakeParameter/cap1,0.000080139
e3,E1,2,17,infeas2_spike/MakeParameter/stalled,0.000599477
e3,E1,2,18,infeas2_stationary/MakeParameter/resto_infeasible,0.000183459
e3,E1,3,0,f7_n1000_bound_physics/MakeParameter,0.240439584
e3,E1,3,1,f7_n1000_bound_physics/MakeConstraint,0.032586322
e3,E1,3,2,f7_n1000_bound_physics/RelaxBounds,0.032484863
e3,E1,3,3,f7_n5000_bound_physics/MakeParameter,0.186053408
e3,E1,3,4,f7_n5000_bound_physics/MakeConstraint,0.179285610
e3,E1,3,5,f7_n5000_bound_physics/RelaxBounds,0.177950377
e3,E1,3,6,f7_n10000_bound_neutral/MakeParameter,0.545431184
e3,E1,3,7,f7_n10000_bound_neutral/MakeConstraint,0.538428958
e3,E1,3,8,f7_n10000_bound_neutral/RelaxBounds,0.534634326
e3,E1,3,9,f7_n20000_bound_neutral/MakeParameter,1.156116881
e3,E1,3,10,f7_n20000_bound_neutral/MakeConstraint,1.120523314
e3,E1,3,11,f7_n20000_bound_neutral/RelaxBounds,1.111916605
e3,E1,3,12,hs071_x1_fixed/MakeParameter,0.000176549
e3,E1,3,13,hs071_x1_fixed/MakeConstraint,0.000129320
e3,E1,3,14,hs071_x1_fixed/RelaxBounds,0.000132489
e3,E1,3,15,f7_n1000_bound_neutral/MakeParameter/cap1,0.016870358
e3,E1,3,16,hs071_x1_fixed/MakeParameter/cap1,0.000080390
e3,E1,3,17,infeas2_spike/MakeParameter/stalled,0.000591398
e3,E1,3,18,infeas2_stationary/MakeParameter/resto_infeasible,0.000181339
e3,E1,4,0,f7_n1000_bound_physics/MakeParameter,0.194243007
e3,E1,4,1,f7_n1000_bound_physics/MakeConstraint,0.032588112
e3,E1,4,2,f7_n1000_bound_physics/RelaxBounds,0.032498582
e3,E1,4,3,f7_n5000_bound_physics/MakeParameter,0.185865618
e3,E1,4,4,f7_n5000_bound_physics/MakeConstraint,0.178705393
e3,E1,4,5,f7_n5000_bound_physics/RelaxBounds,0.177385129
e3,E1,4,6,f7_n10000_bound_neutral/MakeParameter,0.545779882
e3,E1,4,7,f7_n10000_bound_neutral/MakeConstraint,0.536614156
e3,E1,4,8,f7_n10000_bound_neutral/RelaxBounds,0.535226043
e3,E1,4,9,f7_n20000_bound_neutral/MakeParameter,1.154348089
e3,E1,4,10,f7_n20000_bound_neutral/MakeConstraint,1.122190075
e3,E1,4,11,f7_n20000_bound_neutral/RelaxBounds,1.110198973
e3,E1,4,12,hs071_x1_fixed/MakeParameter,0.000181189
e3,E1,4,13,hs071_x1_fixed/MakeConstraint,0.000129649
e3,E1,4,14,hs071_x1_fixed/RelaxBounds,0.000133869
e3,E1,4,15,f7_n1000_bound_neutral/MakeParameter/cap1,0.016973068
e3,E1,4,16,hs071_x1_fixed/MakeParameter/cap1,0.000079640
e3,E1,4,17,infeas2_spike/MakeParameter/stalled,0.000597757
e3,E1,4,18,infeas2_stationary/MakeParameter/resto_infeasible,0.000183739
e3,E1,5,0,f7_n1000_bound_physics/MakeParameter,0.203619882
e3,E1,5,1,f7_n1000_bound_physics/MakeConstraint,0.032509383
e3,E1,5,2,f7_n1000_bound_physics/RelaxBounds,0.032561492
e3,E1,5,3,f7_n5000_bound_physics/MakeParameter,0.185619239
e3,E1,5,4,f7_n5000_bound_physics/MakeConstraint,0.178695253
e3,E1,5,5,f7_n5000_bound_physics/RelaxBounds,0.177457549
e3,E1,5,6,f7_n10000_bound_neutral/MakeParameter,0.548982976
e3,E1,5,7,f7_n10000_bound_neutral/MakeConstraint,0.540013680
e3,E1,5,8,f7_n10000_bound_neutral/RelaxBounds,0.535900270
e3,E1,5,9,f7_n20000_bound_neutral/MakeParameter,1.156343990
e3,E1,5,10,f7_n20000_bound_neutral/MakeConstraint,1.120264895
e3,E1,5,11,f7_n20000_bound_neutral/RelaxBounds,1.110142814
e3,E1,5,12,hs071_x1_fixed/MakeParameter,0.000181059
e3,E1,5,13,hs071_x1_fixed/MakeConstraint,0.000134509
e3,E1,5,14,hs071_x1_fixed/RelaxBounds,0.000132809
e3,E1,5,15,f7_n1000_bound_neutral/MakeParameter/cap1,0.016870618
e3,E1,5,16,hs071_x1_fixed/MakeParameter/cap1,0.000080600
e3,E1,5,17,infeas2_spike/MakeParameter/stalled,0.000596417
e3,E1,5,18,infeas2_stationary/MakeParameter/resto_infeasible,0.000182969
e4,E2,1,0,f7_n1000_bound_physics/MakeParameter,0.319865678
e4,E2,1,1,f7_n1000_bound_physics/MakeConstraint,0.031860385
e4,E2,1,2,f7_n1000_bound_physics/RelaxBounds,0.031758456
e4,E2,1,3,f7_n5000_bound_physics/MakeParameter,0.178397784
e4,E2,1,4,f7_n5000_bound_physics/MakeConstraint,0.172950251
e4,E2,1,5,f7_n5000_bound_physics/RelaxBounds,0.173045110
e4,E2,1,6,f7_n10000_bound_neutral/MakeParameter,0.537425573
e4,E2,1,7,f7_n10000_bound_neutral/MakeConstraint,0.522443295
e4,E2,1,8,f7_n10000_bound_neutral/RelaxBounds,0.520969843
e4,E2,1,9,f7_n20000_bound_neutral/MakeParameter,1.124070616
e4,E2,1,10,f7_n20000_bound_neutral/MakeConstraint,1.089583703
e4,E2,1,11,f7_n20000_bound_neutral/RelaxBounds,1.088543929
e4,E2,1,12,hs071_x1_fixed/MakeParameter,0.000181899
e4,E2,1,13,hs071_x1_fixed/MakeConstraint,0.000127599
e4,E2,1,14,hs071_x1_fixed/RelaxBounds,0.000140979
e4,E2,1,15,f7_n1000_bound_neutral/MakeParameter/cap1,0.016038992
e4,E2,1,16,hs071_x1_fixed/MakeParameter/cap1,0.000074729
e4,E2,1,17,infeas2_spike/MakeParameter/stalled,0.000587948
e4,E2,1,18,infeas2_stationary/MakeParameter/resto_infeasible,0.000180929
e4,E2,2,0,f7_n1000_bound_physics/MakeParameter,0.310950101
e4,E2,2,1,f7_n1000_bound_physics/MakeConstraint,0.031758376
e4,E2,2,2,f7_n1000_bound_physics/RelaxBounds,0.031750826
e4,E2,2,3,f7_n5000_bound_physics/MakeParameter,0.178350474
e4,E2,2,4,f7_n5000_bound_physics/MakeConstraint,0.172686462
e4,E2,2,5,f7_n5000_bound_physics/RelaxBounds,0.172858101
e4,E2,2,6,f7_n10000_bound_neutral/MakeParameter,0.537275193
e4,E2,2,7,f7_n10000_bound_neutral/MakeConstraint,0.523010902
e4,E2,2,8,f7_n10000_bound_neutral/RelaxBounds,0.521150812
e4,E2,2,9,f7_n20000_bound_neutral/MakeParameter,1.124802883
e4,E2,2,10,f7_n20000_bound_neutral/MakeConstraint,1.089198136
e4,E2,2,11,f7_n20000_bound_neutral/RelaxBounds,1.089733473
e4,E2,2,12,hs071_x1_fixed/MakeParameter,0.000172309
e4,E2,2,13,hs071_x1_fixed/MakeConstraint,0.000124229
e4,E2,2,14,hs071_x1_fixed/RelaxBounds,0.000128550
e4,E2,2,15,f7_n1000_bound_neutral/MakeParameter/cap1,0.016016332
e4,E2,2,16,hs071_x1_fixed/MakeParameter/cap1,0.000084800
e4,E2,2,17,infeas2_spike/MakeParameter/stalled,0.000597857
e4,E2,2,18,infeas2_stationary/MakeParameter/resto_infeasible,0.000181189
e4,E2,3,0,f7_n1000_bound_physics/MakeParameter,0.321906699
e4,E2,3,1,f7_n1000_bound_physics/MakeConstraint,0.031877716
e4,E2,3,2,f7_n1000_bound_physics/RelaxBounds,0.031829536
e4,E2,3,3,f7_n5000_bound_physics/MakeParameter,0.178665644
e4,E2,3,4,f7_n5000_bound_physics/MakeConstraint,0.173913646
e4,E2,3,5,f7_n5000_bound_physics/RelaxBounds,0.173085080
e4,E2,3,6,f7_n10000_bound_neutral/MakeParameter,0.537993180
e4,E2,3,7,f7_n10000_bound_neutral/MakeConstraint,0.524992253
e4,E2,3,8,f7_n10000_bound_neutral/RelaxBounds,0.522527285
e4,E2,3,9,f7_n20000_bound_neutral/MakeParameter,1.125935257
e4,E2,3,10,f7_n20000_bound_neutral/MakeConstraint,1.098052943
e4,E2,3,11,f7_n20000_bound_neutral/RelaxBounds,1.096726459
e4,E2,3,12,hs071_x1_fixed/MakeParameter,0.000172779
e4,E2,3,13,hs071_x1_fixed/MakeConstraint,0.000125820
e4,E2,3,14,hs071_x1_fixed/RelaxBounds,0.000128349
e4,E2,3,15,f7_n1000_bound_neutral/MakeParameter/cap1,0.016065412
e4,E2,3,16,hs071_x1_fixed/MakeParameter/cap1,0.000085419
e4,E2,3,17,infeas2_spike/MakeParameter/stalled,0.000592657
e4,E2,3,18,infeas2_stationary/MakeParameter/resto_infeasible,0.000187599
e4,E2,4,0,f7_n1000_bound_physics/MakeParameter,0.090513751
e4,E2,4,1,f7_n1000_bound_physics/MakeConstraint,0.031888015
e4,E2,4,2,f7_n1000_bound_physics/RelaxBounds,0.031857545
e4,E2,4,3,f7_n5000_bound_physics/MakeParameter,0.178749263
e4,E2,4,4,f7_n5000_bound_physics/MakeConstraint,0.173516539
e4,E2,4,5,f7_n5000_bound_physics/RelaxBounds,0.173564508
e4,E2,4,6,f7_n10000_bound_neutral/MakeParameter,0.539751472
e4,E2,4,7,f7_n10000_bound_neutral/MakeConstraint,0.525011113
e4,E2,4,8,f7_n10000_bound_neutral/RelaxBounds,0.520928643
e4,E2,4,9,f7_n20000_bound_neutral/MakeParameter,1.127169612
e4,E2,4,10,f7_n20000_bound_neutral/MakeConstraint,1.091440575
e4,E2,4,11,f7_n20000_bound_neutral/RelaxBounds,1.093349195
e4,E2,4,12,hs071_x1_fixed/MakeParameter,0.000172349
e4,E2,4,13,hs071_x1_fixed/MakeConstraint,0.000124199
e4,E2,4,14,hs071_x1_fixed/RelaxBounds,0.000127860
e4,E2,4,15,f7_n1000_bound_neutral/MakeParameter/cap1,0.016071232
e4,E2,4,16,hs071_x1_fixed/MakeParameter/cap1,0.000074939
e4,E2,4,17,infeas2_spike/MakeParameter/stalled,0.000599557
e4,E2,4,18,infeas2_stationary/MakeParameter/resto_infeasible,0.000179549
e4,E2,5,0,f7_n1000_bound_physics/MakeParameter,0.309371519
e4,E2,5,1,f7_n1000_bound_physics/MakeConstraint,0.031989945
e4,E2,5,2,f7_n1000_bound_physics/RelaxBounds,0.031826476
e4,E2,5,3,f7_n5000_bound_physics/MakeParameter,0.178764213
e4,E2,5,4,f7_n5000_bound_physics/MakeConstraint,0.173211580
e4,E2,5,5,f7_n5000_bound_physics/RelaxBounds,0.174460914
e4,E2,5,6,f7_n10000_bound_neutral/MakeParameter,0.538280009
e4,E2,5,7,f7_n10000_bound_neutral/MakeConstraint,0.523896928
e4,E2,5,8,f7_n10000_bound_neutral/RelaxBounds,0.521540779
e4,E2,5,9,f7_n20000_bound_neutral/MakeParameter,1.127825808
e4,E2,5,10,f7_n20000_bound_neutral/MakeConstraint,1.091359735
e4,E2,5,11,f7_n20000_bound_neutral/RelaxBounds,1.093658163
e4,E2,5,12,hs071_x1_fixed/MakeParameter,0.000180169
e4,E2,5,13,hs071_x1_fixed/MakeConstraint,0.000125999
e4,E2,5,14,hs071_x1_fixed/RelaxBounds,0.000127910
e4,E2,5,15,f7_n1000_bound_neutral/MakeParameter/cap1,0.016191001
e4,E2,5,16,hs071_x1_fixed/MakeParameter/cap1,0.000081850
e4,E2,5,17,infeas2_spike/MakeParameter/stalled,0.000592577
e4,E2,5,18,infeas2_stationary/MakeParameter/resto_infeasible,0.000180219
