cell_id,kkt_stationarity,kkt_complementarity,kkt_primal,ms_stationarity,ms_complementarity,ms_primal,verdict_equal
f7_n10000_bound_activity,1.016559106e-15,0.000000000e+00,1.151644575e-16,1.016559106e-15,0.000000000e+00,1.151644575e-16,1
f7_n10000_bound_corrupted,9.189172314e-14,0.000000000e+00,2.698456180e-14,9.189172314e-14,0.000000000e+00,2.698456180e-14,1
f7_n10000_bound_neutral,6.300386629e-13,0.000000000e+00,1.938683814e-13,6.300386629e-13,0.000000000e+00,1.938683814e-13,1
f7_n10000_bound_physics,1.016559106e-15,0.000000000e+00,1.151644575e-16,1.016559106e-15,0.000000000e+00,1.151644575e-16,1
f7_n10000_bound_warm,4.196022966e-14,0.000000000e+00,2.701549016e-14,4.196022966e-14,0.000000000e+00,2.701549016e-14,1
f7_n10000_path_physics,1.399675305e-10,1.955907544e-17,2.856603842e-13,1.399675305e-10,1.955907544e-17,2.856603842e-13,1
f7_n1000_bound_activity,1.168049964e-16,0.000000000e+00,1.079633839e-16,1.168049964e-16,0.000000000e+00,1.079633839e-16,1
f7_n1000_bound_corrupted,9.157873527e-15,0.000000000e+00,2.734932492e-15,9.157873527e-15,0.000000000e+00,2.734932492e-15,1
f7_n1000_bound_neutral,6.295832335e-14,0.000000000e+00,1.937883159e-14,6.295832335e-14,0.000000000e+00,1.937883159e-14,1
f7_n1000_bound_physics,1.168049964e-16,0.000000000e+00,1.079633839e-16,1.168049964e-16,0.000000000e+00,1.079633839e-16,1
f7_n1000_bound_warm,4.198558725e-15,0.000000000e+00,2.759659681e-15,4.198558725e-15,0.000000000e+00,2.759659681e-15,1
f7_n1000_path_activity,5.823994991e-09,2.275489574e-14,3.300670848e-11,5.823994991e-09,2.275489574e-14,3.300670848e-11,1
f7_n1000_path_corrupted,8.134399458e-12,2.135826378e-16,3.509414981e-13,8.134399458e-12,2.135826378e-16,3.509414981e-13,1
f7_n1000_path_neutral,9.945804538e-11,1.270349276e-13,1.875412048e-10,9.945804538e-11,1.270349276e-13,1.875412048e-10,1
f7_n1000_path_physics,4.067571900e-10,2.216922906e-16,3.210764987e-13,4.067571899e-10,2.216922906e-16,3.210764987e-13,1
f7_n1000_path_warm,3.364060441e-10,1.081515277e-15,4.445677160e-11,3.364060441e-10,1.081515277e-15,4.445677160e-11,1
f7_n20000_bound_activity,2.015847636e-15,0.000000000e+00,1.365272909e-16,2.015847636e-15,0.000000000e+00,1.365272909e-16,1
f7_n20000_bound_corrupted,1.838068087e-13,0.000000000e+00,5.392944711e-14,1.838068087e-13,0.000000000e+00,5.392944711e-14,1
f7_n20000_bound_neutral,1.259925399e-12,0.000000000e+00,3.876288913e-13,1.259925399e-12,0.000000000e+00,3.876288913e-13,1
f7_n20000_bound_physics,2.015847636e-15,0.000000000e+00,1.365272909e-16,2.015847636e-15,0.000000000e+00,1.365272909e-16,1
f7_n20000_bound_warm,8.390643067e-14,0.000000000e+00,5.394909349e-14,8.390643067e-14,0.000000000e+00,5.394909349e-14,1
f7_n2000_bound_activity,2.168216410e-16,0.000000000e+00,1.105729050e-16,2.168216410e-16,0.000000000e+00,1.105729050e-16,1
f7_n2000_bound_corrupted,1.834292390e-14,0.000000000e+00,5.425851090e-15,1.834292390e-14,0.000000000e+00,5.425851090e-15,1
f7_n2000_bound_neutral,1.259764344e-13,0.000000000e+00,3.878155499e-14,1.259764344e-13,0.000000000e+00,3.878155499e-14,1
f7_n2000_bound_physics,2.168216410e-16,0.000000000e+00,1.105729050e-16,2.168216410e-16,0.000000000e+00,1.105729050e-16,1
f7_n2000_bound_warm,8.394924906e-15,0.000000000e+00,5.419408507e-15,8.394924906e-15,0.000000000e+00,5.419408507e-15,1
f7_n2000_path_activity,3.049823215e-09,1.062254363e-14,3.083522326e-11,3.049823215e-09,1.062254363e-14,3.083522326e-11,1
f7_n2000_path_corrupted,5.402058407e-03,0.000000000e+00,9.843817033e-02,5.402058407e-03,0.000000000e+00,9.843817033e-02,1
f7_n2000_path_neutral,5.085072728e-04,0.000000000e+00,3.889087297e-01,5.085072728e-04,0.000000000e+00,3.889087297e-01,1
f7_n2000_path_physics,2.290368260e-10,1.099753487e-16,3.198552534e-13,2.290368260e-10,1.099753487e-16,3.198552534e-13,1
f7_n2000_path_warm,4.904145803e-12,8.717603738e-16,2.574829239e-12,4.904145803e-12,8.717603738e-16,2.574829239e-12,1
f7_n5000_bound_activity,5.167818090e-16,0.000000000e+00,1.110891234e-16,5.167818090e-16,0.000000000e+00,1.110891234e-16,1
f7_n5000_bound_corrupted,4.592198241e-14,0.000000000e+00,1.351772635e-14,4.592198241e-14,0.000000000e+00,1.351772635e-14,1
f7_n5000_bound_neutral,3.150169743e-13,0.000000000e+00,9.692247005e-14,3.150169743e-13,0.000000000e+00,9.692247005e-14,1
f7_n5000_bound_physics,5.167818090e-16,0.000000000e+00,1.110891234e-16,5.167818090e-16,0.000000000e+00,1.110891234e-16,1
f7_n5000_bound_warm,2.098298050e-14,0.000000000e+00,1.353613753e-14,2.098298050e-14,0.000000000e+00,1.353613753e-14,1
f7_n5000_path_activity,1.890156979e-09,3.959509908e-15,2.878008942e-11,1.890156979e-09,3.959509908e-15,2.878008942e-11,1
f7_n5000_path_neutral,2.032099408e-04,0.000000000e+00,3.889087297e-01,2.032099408e-04,0.000000000e+00,3.889087297e-01,1
f7_n5000_path_physics,1.450680211e-10,4.249546468e-17,3.049782649e-13,1.450680211e-10,4.249546468e-17,3.049782649e-13,1
f7_n5000_path_warm,2.032099408e-04,0.000000000e+00,3.889087297e-01,2.032099408e-04,0.000000000e+00,3.889087297e-01,1
f7_n750_path_neutral_control,1.065823448e-10,1.693085346e-13,1.874010946e-10,1.065823448e-10,1.693085346e-13,1.874010946e-10,1
f7_n800_path_activity,6.914595476e-09,2.867429594e-14,3.328159970e-11,6.914595476e-09,2.867429594e-14,3.328159970e-11,1
f7_n800_path_corrupted,8.379476637e-12,2.336241365e-16,2.696731727e-13,8.379476637e-12,2.336241365e-16,2.696731727e-13,1
f7_n800_path_neutral,1.061788210e-10,1.587440445e-13,1.874362887e-10,1.061788210e-10,1.587440445e-13,1.874362887e-10,1
f7_n800_path_physics,4.777161882e-10,2.823620398e-16,3.245181901e-13,4.777161882e-10,2.823620398e-16,3.245181901e-13,1
f7_n800_path_warm,4.212497650e-10,1.295715293e-15,4.285150013e-11,4.212497650e-10,1.295715293e-15,4.285150013e-11,1
f7_n825_path_neutral_control,1.023066238e-10,1.539399008e-13,1.874508326e-10,1.023066238e-10,1.539399008e-13,1.874508326e-10,1
